ResolutionWindowDays,AdjustedConfidence,ImpliedAssetReturn,WithoutPM_ExpectedPnL,WithPM_ExpectedPnL,SuggestedSizeMultiplier
3,59.98580287981754,-0.00026464108326208367,-0.2035595900416452,-0.0508898975104113,0.25
7,58.91913621315087,-0.0004042459320145366,-0.31094240993333944,-0.07773560248333486,0.25
14,57.052469546484204,-0.0005716900795891096,-0.4397389732447031,-0.10993474331117578,0.25
30,52.78580287981754,-0.0008368685855624473,-0.6437119441017284,-0.1609279860254321,0.25
