Variant,Final Equity,Total Return %
Without PM Portfolio,9675.030746761711,-3.2496925323828876
With PM Portfolio,9954.504528437767,-0.45495471562233436
